{"accuracy": [0.26932215690612793, 0.6572017669677734, 0.7794153094291687, 0.8245252370834351, 0.8408848643302917, 0.8429049253463745, 0.8414396643638611, 0.8328757286071777, 0.8207838535308838, 0.8068568110466003], "loss": [2.6014513969421387, 1.1443790197372437, 0.7430110573768616, 0.60651034116745, 0.5813999176025391, 0.5957140922546387, 0.6474575400352478, 0.7057294249534607, 0.7909360527992249, 0.8843500018119812], "val_accuracy": [0.5522422194480896, 0.6672547459602356, 0.8072501420974731, 0.8475984334945679, 0.7672433257102966, 0.7416344285011292, 0.8084452748298645, 0.8221033215522766, 0.8168108463287354, 0.8390052318572998], "val_loss": [1.4982479810714722, 1.1519029140472412, 0.6538477540016174, 0.5461629033088684, 0.8945260643959045, 1.086105227470398, 0.8426622152328491, 0.9498487710952759, 0.9519615769386292, 0.6903453469276428]}